{
"lengthUnit": "mil",
"remark": [],
"components": {
	"fields": ["COMPONENT_NO", "COMPONENT_NAME", "LAYER", "X_COORDINATE", "Y_COORDINATE", "ANGLE"],
	"rows": [
		[1, "C1", "T", 1075, 313.1395, 0],
		[2, "C2", "T", 860, 263.1395, 270],
		[3, "C3", "T", 780, 263.1395, 90],
		[4, "C4", "T", 180, 35, 90],
		[5, "C5", "T", 100, 33.1395, 90],
		[6, "C6", "T", -120, 123.1395, 180],
		[7, "C7", "T", -290, 8.1395, 0],
		[8, "C8", "T", -535, 218.1395, 270],
		[9, "C9", "T", -455, 218.1395, 90],
		[10, "C10", "T", -370, 220, 90],
		[11, "D1", "T", 440, 78.1395, 0],
		[12, "DC-Jack", "T", 1095, -61.8605, 90],
		[13, "F1", "T", 480, 323.1395, 0],
		[14, "L1", "T", -125, 268.1395, 0],
		[15, "MP2338", "T", -105, 33.1395, 0],
		[16, "PowerSocket", "T", 1530, 228.1395, 90],
		[17, "R1", "T", -100.3297, -92.4905, 180],
		[18, "R2", "T", -390, 95, 0],
		[19, "R3", "T", -285, -81.8605, 180],
		[20, "R4", "T", -290, 220, 90],
		[21, "R5", "T", 25, -126.8605, 90],
		[22, "R6", "T", 15, 33.1395, 90],
		[23, "SCTD1", "T", 445, 198.1395, 180],
		[24, "PAD1", "T", -724.9651, 232.4721, 0],
		[25, "PAD1", "B", -724.9651, 232.4721, 0],
		[26, "PAD2", "T", -724.9651, 141.9211, 0],
		[27, "PAD2", "B", -724.9651, 141.9211, 0],
		[28, "PAD3", "T", -719.4533, -85.2438, 0],
		[29, "PAD3", "B", -719.4533, -85.2438, 0],
		[30, "PAD4", "T", -716.3037, -179.3381, 0],
		[31, "PAD4", "B", -716.3037, -179.3381, 0],
		[32, "PAD5", "T", -456.5119, -265.1367, 0],
		[33, "PAD5", "B", -456.5119, -265.1367, 0],
		[34, "PAD6", "T", -456.5119, -365.1367, 0],
		[35, "PAD6", "B", -456.5119, -365.1367, 0],
		[36, "PAD7", "T", -356.5119, -365.1367, 0],
		[37, "PAD7", "B", -356.5119, -365.1367, 0],
		[38, "PAD8", "T", -356.5119, -265.1367, 0],
		[39, "PAD8", "B", -356.5119, -265.1367, 0],
		[40, "PAD9", "T", -256.5119, -265.1367, 0],
		[41, "PAD9", "B", -256.5119, -265.1367, 0],
		[42, "PAD10", "T", -256.5119, -365.1367, 0],
		[43, "PAD10", "B", -256.5119, -365.1367, 0],
		[44, "PAD11", "T", -156.5119, -365.1367, 0],
		[45, "PAD11", "B", -156.5119, -365.1367, 0],
		[46, "PAD12", "T", -156.5119, -265.1367, 0],
		[47, "PAD12", "B", -156.5119, -265.1367, 0],
		[48, "PAD13", "T", -535, 178.7695, 0],
		[49, "PAD14", "T", -535, 257.5095, 0],
		[50, "PAD15", "T", -455, 257.5095, 0],
		[51, "PAD16", "T", -455, 178.7695, 0],
		[52, "PAD17", "T", -250.63, 8.1395, 0],
		[53, "PAD18", "T", -329.37, 8.1395, 0],
		[54, "PAD19", "T", -324.37, -81.8605, 0],
		[55, "PAD20", "T", -245.63, -81.8605, 0],
		[56, "PAD21", "T", -209.645, 268.1395, 0],
		[57, "PAD22", "T", -40.355, 268.1395, 0],
		[58, "PAD23", "T", -159.37, 123.1395, 0],
		[59, "PAD24", "T", -80.63, 123.1395, 0],
		[60, "PAD25", "T", -130.205, 3.6115, 0],
		[61, "PAD26", "T", -130.205, 23.3015, 0],
		[62, "PAD27", "T", -130.205, 42.9815, 0],
		[63, "PAD28", "T", -130.205, 62.6715, 0],
		[64, "PAD29", "T", -79.795, 62.6715, 0],
		[65, "PAD30", "T", -79.795, 42.9815, 0],
		[66, "PAD31", "T", -79.795, 23.3015, 0],
		[67, "PAD32", "T", -79.795, 3.6115, 0],
		[68, "PAD33", "T", 15, 72.5095, 0],
		[69, "PAD34", "T", 15, -6.2305, 0],
		[70, "PAD35", "T", 25, -87.4905, 0],
		[71, "PAD36", "T", 25, -166.2305, 0],
		[72, "PAD37", "T", 100, 72.5095, 0],
		[73, "PAD38", "T", 100, -6.2305, 0],
		[74, "PAD39", "T", 534.645, 78.5095, 0],
		[75, "PAD40", "T", 345.355, 77.7695, 0],
		[76, "PAD41", "T", 367.64, 198.1395, 0],
		[77, "PAD42", "T", 522.36, 198.1395, 0],
		[78, "PAD43", "T", 365.83, 366.4495, 0],
		[79, "PAD43", "B", 365.83, 366.4495, 0],
		[80, "PAD44", "T", 594.17, 279.8295, 0],
		[81, "PAD44", "B", 594.17, 279.8295, 0],
		[82, "PAD45", "T", 780, 302.5095, 0],
		[83, "PAD46", "T", 780, 223.7695, 0],
		[84, "PAD47", "T", 860, 223.7695, 0],
		[85, "PAD48", "T", 860, 302.5095, 0],
		[86, "PAD49", "T", 1186.535, -61.8555, 0],
		[87, "PAD49", "B", 1186.535, -61.8555, 0],
		[88, "PAD50", "T", 1003.465, -179.9755, 0],
		[89, "PAD50", "B", 1003.465, -179.9755, 0],
		[90, "PAD51", "T", 1003.465, 56.2545, 0],
		[91, "PAD51", "B", 1003.465, 56.2545, 0],
		[92, "PAD52", "T", 1143.9, 313.1395, 0],
		[93, "PAD52", "B", 1143.9, 313.1395, 0],
		[94, "PAD53", "T", 1006.1, 313.1395, 0],
		[95, "PAD53", "B", 1006.1, 313.1395, 0],
		[96, "PAD54", "T", 1530, 129.7145, 0],
		[97, "PAD54", "B", 1530, 129.7145, 0],
		[98, "PAD55", "T", 1530, 326.5645, 0],
		[99, "PAD55", "B", 1530, 326.5645, 0],
		[100, "PAD56", "T", 180, 74.37, 0],
		[101, "PAD57", "T", 180, -4.37, 0],
		[102, "PAD58", "T", -370, 259.37, 0],
		[103, "PAD59", "T", -370, 180.63, 0],
		[104, "PAD60", "T", -139.6997, -92.4905, 0],
		[105, "PAD61", "T", -60.9597, -92.4905, 0],
		[106, "PAD62", "T", -350.63, 95, 0],
		[107, "PAD63", "T", -429.37, 95, 0],
		[108, "PAD64", "T", -290, 259.37, 0],
		[109, "PAD65", "T", -290, 180.63, 0]
	]
},
"pins": {
	"fields": ["PIN_NO", "PIN_NAME", "PIN_X", "PIN_Y", "LAYER", "PIN_TYPE", "NET_NAME", "NET_TYPE", "PAD_SHAPE", "PAD_SIZEX", "PAD_SIZEY", "HOLE_SIZE", "HOLE_LEN", "PAD_ANGLE"],
	"rows": [
		[1, "C1_1", 1006.1, 313.1395, "T", "DIP", "$1N1054", "", "C", 62.992, 62.992, 39.37, 39.37, 90],
		[2, "C1_1", 1006.1, 313.1395, "B", "DIP", "$1N1054", "", "C", 62.992, 62.992, 39.37, 39.37, 90],
		[3, "C1_2", 1143.9, 313.1395, "T", "DIP", "GND", "GND", "C", 62.992, 62.992, 39.37, 39.37, 90],
		[4, "C1_2", 1143.9, 313.1395, "B", "DIP", "GND", "GND", "C", 62.992, 62.992, 39.37, 39.37, 90],
		[5, "C2_1", 860, 302.5095, "T", "SMD", "$1N1054", "", "R", 55.512, 53.15, 0, 0, 270],
		[6, "C2_2", 860, 223.7695, "T", "SMD", "GND", "GND", "R", 55.512, 53.15, 0, 0, 270],
		[7, "C3_1", 780, 223.7695, "T", "SMD", "GND", "GND", "R", 55.512, 53.15, 0, 0, 90],
		[8, "C3_2", 780, 302.5095, "T", "SMD", "$1N1054", "", "R", 55.512, 53.15, 0, 0, 90],
		[9, "C4_1", 180, -4.37, "T", "SMD", "GND", "GND", "R", 55.512, 53.15, 0, 0, 90],
		[10, "C4_2", 180, 74.37, "T", "SMD", "$1N1056", "", "R", 55.512, 53.15, 0, 0, 90],
		[11, "C5_1", 100, -6.2305, "T", "SMD", "GND", "GND", "R", 55.512, 53.15, 0, 0, 90],
		[12, "C5_2", 100, 72.5095, "T", "SMD", "$1N1056", "", "R", 55.512, 53.15, 0, 0, 90],
		[13, "C6_1", -80.63, 123.1395, "T", "SMD", "$1N1060", "", "R", 55.512, 53.15, 0, 0, 180],
		[14, "C6_2", -159.37, 123.1395, "T", "SMD", "$1N1059", "", "R", 55.512, 53.15, 0, 0, 180],
		[15, "C7_1", -329.37, 8.1395, "T", "SMD", "GND", "GND", "R", 55.512, 53.15, 0, 0, 0],
		[16, "C7_2", -250.63, 8.1395, "T", "SMD", "$1N1067", "", "R", 55.512, 53.15, 0, 0, 0],
		[17, "C8_1", -535, 257.5095, "T", "SMD", "VCC", "", "R", 55.512, 53.15, 0, 0, 270],
		[18, "C8_2", -535, 178.7695, "T", "SMD", "GND", "GND", "R", 55.512, 53.15, 0, 0, 270],
		[19, "C9_1", -455, 178.7695, "T", "SMD", "GND", "GND", "R", 55.512, 53.15, 0, 0, 90],
		[20, "C9_2", -455, 257.5095, "T", "SMD", "VCC", "", "R", 55.512, 53.15, 0, 0, 90],
		[21, "C10_1", -370, 180.63, "T", "SMD", "$1N1064", "", "R", 55.512, 53.15, 0, 0, 90],
		[22, "C10_2", -370, 259.37, "T", "SMD", "VCC", "", "R", 55.512, 53.15, 0, 0, 90],
		[23, "D1_1", 345.355, 77.7695, "T", "SMD", "$1N1056", "", "R", 80.566, 63.78, 0, 0, 0],
		[24, "D1_2", 534.645, 78.5095, "T", "SMD", "$1N1052", "", "R", 80.566, 63.78, 0, 0, 180],
		[25, "DC-Jack_1", 1003.465, 56.2545, "T", "DIP", "$1N1054", "", "O", 59.055, 149.606, 35.434, 122.054, 90],
		[26, "DC-Jack_1", 1003.465, 56.2545, "B", "DIP", "$1N1054", "", "O", 59.055, 149.606, 35.434, 122.054, 90],
		[27, "DC-Jack_2", 1003.465, -179.9755, "T", "DIP", "GND", "GND", "O", 59.055, 149.606, 35.434, 122.054, 270],
		[28, "DC-Jack_2", 1003.465, -179.9755, "B", "DIP", "GND", "GND", "O", 59.055, 149.606, 35.434, 122.054, 270],
		[29, "DC-Jack_3", 1186.535, -61.8555, "T", "DIP", "GND", "GND", "O", 59.055, 133.858, 35.434, 102.354, 0],
		[30, "DC-Jack_3", 1186.535, -61.8555, "B", "DIP", "GND", "GND", "O", 59.055, 133.858, 35.434, 102.354, 0],
		[31, "F1_1", 365.83, 366.4495, "T", "DIP", "$1N1055", "", "C", 78.74, 78.74, 47.24, 47.24, 0],
		[32, "F1_1", 365.83, 366.4495, "B", "DIP", "$1N1055", "", "C", 78.74, 78.74, 47.24, 47.24, 0],
		[33, "F1_2", 594.17, 279.8295, "T", "DIP", "$1N1054", "", "C", 78.74, 78.74, 47.24, 47.24, 0],
		[34, "F1_2", 594.17, 279.8295, "B", "DIP", "$1N1054", "", "C", 78.74, 78.74, 47.24, 47.24, 0],
		[35, "L1_1", -209.645, 268.1395, "T", "SMD", "VCC", "", "R", 70.866, 165.354, 0, 0, 0],
		[36, "L1_2", -40.355, 268.1395, "T", "SMD", "$1N1060", "", "R", 70.866, 165.354, 0, 0, 0],
		[37, "MP2338_1", -79.795, 3.6115, "T", "SMD", "$1N1061", "", "R", 11.024, 26.772, 0, 0, 90],
		[38, "MP2338_2", -79.795, 23.3015, "T", "SMD", "$1N1056", "", "R", 11.024, 26.772, 0, 0, 90],
		[39, "MP2338_3", -79.795, 42.9815, "T", "SMD", "$1N1060", "", "R", 11.024, 26.772, 0, 0, 90],
		[40, "MP2338_4", -79.795, 62.6715, "T", "SMD", "GND", "GND", "R", 11.024, 26.772, 0, 0, 90],
		[41, "MP2338_5", -130.205, 62.6715, "T", "SMD", "$1N1059", "", "R", 11.024, 26.772, 0, 0, 90],
		[42, "MP2338_6", -130.205, 42.9815, "T", "SMD", "$1N1057", "", "R", 11.024, 26.772, 0, 0, 90],
		[43, "MP2338_7", -130.205, 23.3015, "T", "SMD", "$1N1067", "", "R", 11.024, 26.772, 0, 0, 90],
		[44, "MP2338_8", -130.205, 3.6115, "T", "SMD", "$1N1063", "", "R", 11.024, 26.772, 0, 0, 90],
		[45, "PowerSocket_1", 1530, 129.7145, "T", "DIP", "$1N1054", "", "C", 86.614, 86.614, 55.118, 55.118, 90],
		[46, "PowerSocket_1", 1530, 129.7145, "B", "DIP", "$1N1054", "", "C", 86.614, 86.614, 55.118, 55.118, 90],
		[47, "PowerSocket_2", 1530, 326.5645, "T", "DIP", "GND", "GND", "C", 86.614, 86.614, 55.118, 55.118, 90],
		[48, "PowerSocket_2", 1530, 326.5645, "B", "DIP", "GND", "GND", "C", 86.614, 86.614, 55.118, 55.118, 90],
		[49, "R1_1", -60.9597, -92.4905, "T", "SMD", "$1N1061", "", "R", 44.588, 54.213, 0, 0, 180],
		[50, "R1_2", -139.6997, -92.4905, "T", "SMD", "VCC", "", "R", 44.588, 54.213, 0, 0, 180],
		[51, "R2_1", -429.37, 95, "T", "SMD", "$1N1064", "", "R", 44.588, 54.213, 0, 0, 0],
		[52, "R2_2", -350.63, 95, "T", "SMD", "GND", "GND", "R", 44.588, 54.213, 0, 0, 0],
		[53, "R3_1", -245.63, -81.8605, "T", "SMD", "$1N1063", "", "R", 44.588, 54.213, 0, 0, 180],
		[54, "R3_2", -324.37, -81.8605, "T", "SMD", "$1N1064", "", "R", 44.588, 54.213, 0, 0, 180],
		[55, "R4_1", -290, 180.63, "T", "SMD", "$1N1064", "", "R", 44.588, 54.213, 0, 0, 90],
		[56, "R4_2", -290, 259.37, "T", "SMD", "VCC", "", "R", 44.588, 54.213, 0, 0, 90],
		[57, "R5_1", 25, -166.2305, "T", "SMD", "GND", "GND", "R", 44.588, 54.213, 0, 0, 90],
		[58, "R5_2", 25, -87.4905, "T", "SMD", "$1N1057", "", "R", 44.588, 54.213, 0, 0, 90],
		[59, "R6_1", 15, -6.2305, "T", "SMD", "$1N1057", "", "R", 44.588, 54.213, 0, 0, 90],
		[60, "R6_2", 15, 72.5095, "T", "SMD", "$1N1056", "", "R", 44.588, 54.213, 0, 0, 90],
		[61, "SCTD1_1", 522.36, 198.1395, "T", "SMD", "$1N1052", "", "R", 59.842, 66.142, 0, 0, 180],
		[62, "SCTD1_2", 367.64, 198.1395, "T", "SMD", "$1N1055", "", "R", 59.842, 66.142, 0, 0, 180],
		[63, "PAD1_1", -724.9651, 232.4721, "T", "DIP", "VCC", "", "O", 59.0551, 149.6063, 35.4331, 122.0472, 90],
		[64, "PAD1_1", -724.9651, 232.4721, "B", "DIP", "VCC", "", "O", 59.0551, 149.6063, 35.4331, 122.0472, 90],
		[65, "PAD2_1", -724.9651, 141.9211, "T", "DIP", "VCC", "", "O", 59.0551, 149.6063, 35.4331, 122.0472, 90],
		[66, "PAD2_1", -724.9651, 141.9211, "B", "DIP", "VCC", "", "O", 59.0551, 149.6063, 35.4331, 122.0472, 90],
		[67, "PAD3_1", -719.4533, -85.2438, "T", "DIP", "GND", "GND", "O", 59.0551, 149.6063, 35.4331, 122.0472, 90],
		[68, "PAD3_1", -719.4533, -85.2438, "B", "DIP", "GND", "GND", "O", 59.0551, 149.6063, 35.4331, 122.0472, 90],
		[69, "PAD4_1", -716.3037, -179.3381, "T", "DIP", "GND", "GND", "O", 59.0551, 149.6063, 35.4331, 122.0472, 90],
		[70, "PAD4_1", -716.3037, -179.3381, "B", "DIP", "GND", "GND", "O", 59.0551, 149.6063, 35.4331, 122.0472, 90],
		[71, "PAD5_1", -456.5119, -265.1367, "T", "DIP", "VCC", "", "C", 59.0551, 59.0551, 25.5906, 25.5906, 270],
		[72, "PAD5_1", -456.5119, -265.1367, "B", "DIP", "VCC", "", "C", 59.0551, 59.0551, 25.5906, 25.5906, 270],
		[73, "PAD6_1", -456.5119, -365.1367, "T", "DIP", "GND", "GND", "C", 59.0551, 59.0551, 25.5906, 25.5906, 270],
		[74, "PAD6_1", -456.5119, -365.1367, "B", "DIP", "GND", "GND", "C", 59.0551, 59.0551, 25.5906, 25.5906, 270],
		[75, "PAD7_1", -356.5119, -365.1367, "T", "DIP", "GND", "GND", "C", 59.0551, 59.0551, 25.5906, 25.5906, 270],
		[76, "PAD7_1", -356.5119, -365.1367, "B", "DIP", "GND", "GND", "C", 59.0551, 59.0551, 25.5906, 25.5906, 270],
		[77, "PAD8_1", -356.5119, -265.1367, "T", "DIP", "VCC", "", "C", 59.0551, 59.0551, 25.5906, 25.5906, 270],
		[78, "PAD8_1", -356.5119, -265.1367, "B", "DIP", "VCC", "", "C", 59.0551, 59.0551, 25.5906, 25.5906, 270],
		[79, "PAD9_1", -256.5119, -265.1367, "T", "DIP", "VCC", "", "C", 59.0551, 59.0551, 25.5906, 25.5906, 270],
		[80, "PAD9_1", -256.5119, -265.1367, "B", "DIP", "VCC", "", "C", 59.0551, 59.0551, 25.5906, 25.5906, 270],
		[81, "PAD10_1", -256.5119, -365.1367, "T", "DIP", "GND", "GND", "C", 59.0551, 59.0551, 25.5906, 25.5906, 270],
		[82, "PAD10_1", -256.5119, -365.1367, "B", "DIP", "GND", "GND", "C", 59.0551, 59.0551, 25.5906, 25.5906, 270],
		[83, "PAD11_1", -156.5119, -365.1367, "T", "DIP", "GND", "GND", "C", 59.0551, 59.0551, 25.5906, 25.5906, 270],
		[84, "PAD11_1", -156.5119, -365.1367, "B", "DIP", "GND", "GND", "C", 59.0551, 59.0551, 25.5906, 25.5906, 270],
		[85, "PAD12_1", -156.5119, -265.1367, "T", "DIP", "VCC", "", "C", 59.0551, 59.0551, 25.5906, 25.5906, 270],
		[86, "PAD12_1", -156.5119, -265.1367, "B", "DIP", "VCC", "", "C", 59.0551, 59.0551, 25.5906, 25.5906, 270],
		[87, "PAD13_2", -535, 178.7695, "T", "SMD", "GND", "GND", "R", 55.512, 53.15, 0, 0, 270],
		[88, "PAD14_1", -535, 257.5095, "T", "SMD", "VCC", "", "R", 55.512, 53.15, 0, 0, 270],
		[89, "PAD15_2", -455, 257.5095, "T", "SMD", "VCC", "", "R", 55.512, 53.15, 0, 0, 90],
		[90, "PAD16_1", -455, 178.7695, "T", "SMD", "GND", "GND", "R", 55.512, 53.15, 0, 0, 90],
		[91, "PAD17_2", -250.63, 8.1395, "T", "SMD", "$1N1067", "", "R", 55.512, 53.15, 0, 0, 0],
		[92, "PAD18_1", -329.37, 8.1395, "T", "SMD", "GND", "GND", "R", 55.512, 53.15, 0, 0, 0],
		[93, "PAD19_2", -324.37, -81.8605, "T", "SMD", "$1N1064", "", "R", 44.588, 54.213, 0, 0, 180],
		[94, "PAD20_1", -245.63, -81.8605, "T", "SMD", "$1N1063", "", "R", 44.588, 54.213, 0, 0, 180],
		[95, "PAD21_1", -209.645, 268.1395, "T", "SMD", "VCC", "", "R", 70.866, 165.354, 0, 0, 0],
		[96, "PAD22_2", -40.355, 268.1395, "T", "SMD", "$1N1060", "", "R", 70.866, 165.354, 0, 0, 0],
		[97, "PAD23_2", -159.37, 123.1395, "T", "SMD", "$1N1059", "", "R", 55.512, 53.15, 0, 0, 180],
		[98, "PAD24_1", -80.63, 123.1395, "T", "SMD", "$1N1060", "", "R", 55.512, 53.15, 0, 0, 180],
		[99, "PAD25_8", -130.205, 3.6115, "T", "SMD", "$1N1063", "", "R", 11.024, 26.772, 0, 0, 90],
		[100, "PAD26_7", -130.205, 23.3015, "T", "SMD", "$1N1067", "", "R", 11.024, 26.772, 0, 0, 90],
		[101, "PAD27_6", -130.205, 42.9815, "T", "SMD", "$1N1057", "", "R", 11.024, 26.772, 0, 0, 90],
		[102, "PAD28_5", -130.205, 62.6715, "T", "SMD", "$1N1059", "", "R", 11.024, 26.772, 0, 0, 90],
		[103, "PAD29_4", -79.795, 62.6715, "T", "SMD", "GND", "GND", "R", 11.024, 26.772, 0, 0, 90],
		[104, "PAD30_3", -79.795, 42.9815, "T", "SMD", "$1N1060", "", "R", 11.024, 26.772, 0, 0, 90],
		[105, "PAD31_2", -79.795, 23.3015, "T", "SMD", "$1N1056", "", "R", 11.024, 26.772, 0, 0, 90],
		[106, "PAD32_1", -79.795, 3.6115, "T", "SMD", "$1N1061", "", "R", 11.024, 26.772, 0, 0, 90],
		[107, "PAD33_2", 15, 72.5095, "T", "SMD", "$1N1056", "", "R", 44.588, 54.213, 0, 0, 90],
		[108, "PAD34_1", 15, -6.2305, "T", "SMD", "$1N1057", "", "R", 44.588, 54.213, 0, 0, 90],
		[109, "PAD35_2", 25, -87.4905, "T", "SMD", "$1N1057", "", "R", 44.588, 54.213, 0, 0, 90],
		[110, "PAD36_1", 25, -166.2305, "T", "SMD", "GND", "GND", "R", 44.588, 54.213, 0, 0, 90],
		[111, "PAD37_2", 100, 72.5095, "T", "SMD", "$1N1056", "", "R", 55.512, 53.15, 0, 0, 90],
		[112, "PAD38_1", 100, -6.2305, "T", "SMD", "GND", "GND", "R", 55.512, 53.15, 0, 0, 90],
		[113, "PAD39_2", 534.645, 78.5095, "T", "SMD", "$1N1052", "", "R", 80.566, 63.78, 0, 0, 180],
		[114, "PAD40_1", 345.355, 77.7695, "T", "SMD", "$1N1056", "", "R", 80.566, 63.78, 0, 0, 0],
		[115, "PAD41_2", 367.64, 198.1395, "T", "SMD", "$1N1055", "", "R", 59.842, 66.142, 0, 0, 180],
		[116, "PAD42_1", 522.36, 198.1395, "T", "SMD", "$1N1052", "", "R", 59.842, 66.142, 0, 0, 180],
		[117, "PAD43_1", 365.83, 366.4495, "T", "DIP", "$1N1055", "", "C", 78.74, 78.74, 47.24, 47.24, 0],
		[118, "PAD43_1", 365.83, 366.4495, "B", "DIP", "$1N1055", "", "C", 78.74, 78.74, 47.24, 47.24, 0],
		[119, "PAD44_2", 594.17, 279.8295, "T", "DIP", "$1N1054", "", "C", 78.74, 78.74, 47.24, 47.24, 0],
		[120, "PAD44_2", 594.17, 279.8295, "B", "DIP", "$1N1054", "", "C", 78.74, 78.74, 47.24, 47.24, 0],
		[121, "PAD45_2", 780, 302.5095, "T", "SMD", "$1N1054", "", "R", 55.512, 53.15, 0, 0, 90],
		[122, "PAD46_1", 780, 223.7695, "T", "SMD", "GND", "GND", "R", 55.512, 53.15, 0, 0, 90],
		[123, "PAD47_2", 860, 223.7695, "T", "SMD", "GND", "GND", "R", 55.512, 53.15, 0, 0, 270],
		[124, "PAD48_1", 860, 302.5095, "T", "SMD", "$1N1054", "", "R", 55.512, 53.15, 0, 0, 270],
		[125, "PAD49_3", 1186.535, -61.8555, "T", "DIP", "GND", "GND", "O", 59.055, 133.858, 35.434, 102.354, 0],
		[126, "PAD49_3", 1186.535, -61.8555, "B", "DIP", "GND", "GND", "O", 59.055, 133.858, 35.434, 102.354, 0],
		[127, "PAD50_2", 1003.465, -179.9755, "T", "DIP", "GND", "GND", "O", 59.055, 149.606, 35.434, 122.054, 270],
		[128, "PAD50_2", 1003.465, -179.9755, "B", "DIP", "GND", "GND", "O", 59.055, 149.606, 35.434, 122.054, 270],
		[129, "PAD51_1", 1003.465, 56.2545, "T", "DIP", "$1N1054", "", "O", 59.055, 149.606, 35.434, 122.054, 90],
		[130, "PAD51_1", 1003.465, 56.2545, "B", "DIP", "$1N1054", "", "O", 59.055, 149.606, 35.434, 122.054, 90],
		[131, "PAD52_2", 1143.9, 313.1395, "T", "DIP", "GND", "GND", "C", 62.992, 62.992, 39.37, 39.37, 90],
		[132, "PAD52_2", 1143.9, 313.1395, "B", "DIP", "GND", "GND", "C", 62.992, 62.992, 39.37, 39.37, 90],
		[133, "PAD53_1", 1006.1, 313.1395, "T", "DIP", "$1N1054", "", "C", 62.992, 62.992, 39.37, 39.37, 90],
		[134, "PAD53_1", 1006.1, 313.1395, "B", "DIP", "$1N1054", "", "C", 62.992, 62.992, 39.37, 39.37, 90],
		[135, "PAD54_1", 1530, 129.7145, "T", "DIP", "$1N1054", "", "C", 86.614, 86.614, 55.118, 55.118, 90],
		[136, "PAD54_1", 1530, 129.7145, "B", "DIP", "$1N1054", "", "C", 86.614, 86.614, 55.118, 55.118, 90],
		[137, "PAD55_2", 1530, 326.5645, "T", "DIP", "GND", "GND", "C", 86.614, 86.614, 55.118, 55.118, 90],
		[138, "PAD55_2", 1530, 326.5645, "B", "DIP", "GND", "GND", "C", 86.614, 86.614, 55.118, 55.118, 90],
		[139, "PAD56_2", 180, 74.37, "T", "SMD", "$1N1056", "", "R", 55.512, 53.15, 0, 0, 90],
		[140, "PAD57_1", 180, -4.37, "T", "SMD", "GND", "GND", "R", 55.512, 53.15, 0, 0, 90],
		[141, "PAD58_2", -370, 259.37, "T", "SMD", "VCC", "", "R", 55.512, 53.15, 0, 0, 90],
		[142, "PAD59_1", -370, 180.63, "T", "SMD", "$1N1064", "", "R", 55.512, 53.15, 0, 0, 90],
		[143, "PAD60_2", -139.6997, -92.4905, "T", "SMD", "VCC", "", "R", 44.588, 54.213, 0, 0, 180],
		[144, "PAD61_1", -60.9597, -92.4905, "T", "SMD", "$1N1061", "", "R", 44.588, 54.213, 0, 0, 180],
		[145, "PAD62_2", -350.63, 95, "T", "SMD", "GND", "GND", "R", 44.588, 54.213, 0, 0, 0],
		[146, "PAD63_1", -429.37, 95, "T", "SMD", "$1N1064", "", "R", 44.588, 54.213, 0, 0, 0],
		[147, "PAD64_2", -290, 259.37, "T", "SMD", "VCC", "", "R", 44.588, 54.213, 0, 0, 90],
		[148, "PAD65_1", -290, 180.63, "T", "SMD", "$1N1064", "", "R", 44.588, 54.213, 0, 0, 90]
	]
}
}